{"metadata": {"uvs": 0, "generator": "io_three", "vertices": 182, "type": "Geometry", "faces": 173, "normals": 32, "version": 3}, "uvs": [], "vertices": [4.26124, 0.066255, -11.7871, 9.06123, 0.066255, -11.7871, 9.06123, 0.066255, -9.98708, 10.8612, 0.066255, -8.18708, 12.6612, 0.066255, -8.18708, 12.6612, 0.066255, -3.38708, 8.76123, 0.066255, -3.38708, 6.06123, 0.066255, -6.08708, 4.26124, 0.066255, -7.88708, 14.1612, 0.066255, -8.18708, 15.6612, 0.066255, -9.68708, 23.7612, 0.066255, -9.68708, 23.7612, 0.066255, -3.38708, 4.26124, 4.06625, -23.7871, 4.26124, 4.06625, -24.9871, 12.3612, 4.06625, -24.9871, 20.4612, 4.06625, -24.9871, 20.4612, 4.06625, -21.0871, 21.6612, 4.06625, -19.8871, 25.8612, 4.06625, -19.8871, 25.8612, 4.06625, -11.4871, 25.8612, 4.06626, -3.38708, 24.6612, 4.06626, -3.38708, 24.6612, 4.06625, -10.2871, 24.6612, 4.06625, -17.4871, 24.0612, 4.06625, -18.0871, 20.1612, 4.06625, -18.0871, 18.9612, 4.06625, -19.2871, 18.9612, 4.06625, -23.1871, 18.3612, 4.06625, -23.7871, 11.1612, 4.06625, -23.7871, 24.9612, 0.066255, -15.9871, 27.9612, 0.066255, -15.9871, 27.9612, 0.066255, -9.68708, 27.9612, 0.066255, -3.38708, 24.9612, 0.066255, -3.38708, 24.9612, 0.066255, -9.68708, 28.8612, 4.06625, -21.6871, 30.9612, 4.06625, -21.6871, 30.9612, 4.06625, -15.3871, 30.9612, 4.06625, -9.38708, 39.0612, 4.06625, -9.08708, 33.6612, 4.06626, -3.38708, 31.8612, 4.06626, -3.38708, 31.8612, 4.06625, -8.48708, 31.2612, 4.06625, -8.78708, 30.9612, 4.06626, -3.38708, 27.0612, 4.06626, -3.38708, 27.0612, 4.06625, -11.4871, 27.0612, 4.06625, -19.8871, 28.8612, 4.06625, -19.8871, 31.8612, 0.066254, -22.2871, 39.9612, 0.066254, -21.9871, 39.9612, 0.066255, -15.6871, 39.9612, 0.066255, -9.68708, 33.6612, 0.066255, -3.38708, 29.7612, 0.066255, -3.38708, 29.7612, 0.066255, -11.7871, 29.7612, 0.066254, -20.1871, 31.5612, 0.066254, -20.1871, 9.96124, 4.06625, -9.98708, 9.96124, 4.06625, -13.2871, 10.8612, 4.06625, -14.1871, 13.8612, 4.06625, -14.4871, 15.0612, 4.06625, -13.2871, 15.3612, 4.06625, -11.7871, 15.3612, 4.06625, -10.2871, 14.1612, 4.06625, -9.08708, 10.8612, 4.06625, -9.08708, 9.96124, 0.066255, -10.2871, 9.96124, 0.066255, -12.9871, 11.1612, 0.066255, -14.1871, 13.5612, 0.066255, -14.4871, 15.0612, 0.066255, -12.9871, 15.3612, 0.066255, -11.4871, 15.3612, 0.066255, -10.5871, 13.8612, 0.066255, -9.08708, 11.1612, 0.066255, -9.08708, 15.3612, 0.066255, -13.8871, 19.5612, 0.066255, -17.7871, 20.1612, 0.066255, -17.1871, 21.3612, 0.066255, -17.1871, 21.6612, 0.066255, -17.7871, 23.1612, 0.066255, -17.7871, 23.7612, 0.066255, -17.1871, 16.2612, 0.066255, -10.2871, 16.2612, 0.066255, -11.7871, 13.2612, 0.066254, -22.8871, 13.5612, 0.066255, -15.3871, 10.8612, 0.066255, -15.0871, 9.06123, 0.066255, -13.2871, 4.26124, 0.066254, -22.8871, 18.0612, 0.066254, -22.8871, 18.6612, 0.066254, -22.2871, 18.6612, 0.066254, -21.0871, 18.0612, 0.066254, -20.7871, 18.0612, 0.066255, -19.2871, 24.6612, 0.066255, -18.6871, 23.4612, 0.066255, -18.6871, 21.3612, 0.066255, -18.6871, 19.5612, 0.066254, -19.8871, 19.5612, 0.066254, -20.7871, 19.5612, 0.066254, -22.5871, 19.2612, 0.066254, -24.0871, 16.8612, 0.066254, -24.0871, 16.5612, 0.066254, -27.3871, 18.6612, 0.066254, -27.3871, 18.9612, 0.066254, -28.2871, 20.1612, 0.066254, -28.2871, 20.4612, 0.066254, -27.3871, 25.2612, 0.066254, -27.3871, 24.3612, 0.066254, -26.4871, 24.6612, 0.866254, -25.8871, 26.4612, 1.86625, -27.3871, 25.8612, 2.46625, -28.2871, 22.2612, 4.06625, -28.2871, 22.2612, 4.06625, -29.7871, 29.1612, 1.86625, -29.4871, 30.9612, 1.86625, -27.6871, 28.8612, 2.46625, -25.2871, 27.9612, 1.86625, -25.5871, 26.7612, 0.866254, -24.0871, 27.3612, 0.066254, -23.7871, 27.9612, 0.066254, -24.3871, 28.8612, 0.066254, -21.0871, 28.8612, 0.066254, -24.9871, 30.9612, 0.066254, -24.9871, 30.9612, 0.066254, -21.0871, 31.8612, 0.066254, -28.8871, 39.9612, 0.066254, -29.1871, 10.5612, 0.066254, -24.0871, 4.26124, 0.066254, -24.0871, 4.26124, 0.066254, -27.3871, 10.2612, 0.066254, -27.3871, 20.4612, 4.06625, -28.2871, 20.4612, 4.06625, -26.1871, 12.3612, 4.06625, -26.1871, 4.26124, 4.06625, -26.1871, 4.26124, 4.06625, -29.7871, 11.7612, 4.06625, -29.7871, 18.9612, 4.06625, -30.0871, 18.6612, 4.06625, -30.9871, 17.1612, 4.06625, -30.9871, 17.1612, 4.06625, -40.5871, 20.4612, 4.06625, -40.5871, 20.4612, 4.06625, -30.9871, 19.8612, 4.06625, -30.0871, 18.6612, 0.066254, -28.8871, 8.16123, 0.066254, -28.8871, 8.16123, 0.066254, -40.5871, 14.1612, 0.066254, -40.5871, 20.4612, 0.066254, -40.5871, 20.4612, 0.066254, -34.2871, 32.7612, 0.066254, -40.5871, 31.8612, 0.066254, -30.3871, 31.5612, 0.066254, -30.9871, 30.9612, 0.066254, -30.6871, 30.6612, 0.066254, -28.8871, 28.8612, 0.066254, -30.6871, 26.1612, 0.066254, -30.6871, 25.8612, 0.066254, -28.2871, 21.3612, 0.066254, -28.2871, 21.6612, 0.066254, -34.2871, 21.6612, 0.066254, -40.5871, 39.9612, 0.066254, -40.5871, 4.26124, 4.06625, -31.2871, 4.26124, 4.06625, -37.8871, 7.26124, 4.06625, -40.5871, 7.26124, 4.06625, -31.2871, 23.2612, 0.266254, -26.3871, 26.2362, 0.266254, -22.7371, 23.4793, 0.266254, -24.4098, 26.2362, 0.266254, -22.7371, 23.2612, 0.266254, -26.3871, 27.5112, 2.06625, -28.8871, 23.4612, 4.06625, -28.2871, 23.9862, 3.86625, -29.7121, 25.7112, 2.66625, -29.6371, 27.4362, 2.06625, -29.5621, 27.5112, 2.06625, -28.8871, 30.9612, 2.06625, -26.1871, 28.8612, 3.66626, -23.4871],